Workbook

Sheet Patient_records
A1: Patient ID | B1: Name | C1: Age | D1: Gender | E1: City | F1: Appointment Date | G1: Dapartment Name | H1: Showed Up | I1: Department ID | J1: Head Doctor | K1: Bed Capacity
A2: A10001 | B2: Praveen | C2: 28 | D2: Male | E2: Hyderabad | F2: 46142 | G2: Cardiology | H2: Yes | I2: =VLOOKUP(G2,Department_info!$A$2:$B$6,2,FALSE) -> D001 | J2: =INDEX(Department_info!$D$2:$D$6,MATCH(Patient_records!G2,Department_info!$A$2:$A$6,0)) -> Dr. Rao | K2: =INDEX(Department_info!$E$2:$E$6,MATCH(Patient_records!G2,Department_info!$A$2:$A$6,0)) -> 50
A3: A10002 | B3: Dhanush | C3: 22 | D3: Male | E3: Hyderabad | F3: 46143 | G3: Emergency | H3: Yes | I3: =VLOOKUP(G3,Department_info!$A$2:$B$6,2,FALSE) -> D005 | J3: =INDEX(Department_info!$D$2:$D$6,MATCH(Patient_records!G3,Department_info!$A$2:$A$6,0)) -> Dr. Reddy | K3: =INDEX(Department_info!$E$2:$E$6,MATCH(Patient_records!G3,Department_info!$A$2:$A$6,0)) -> 70
A4: A10003 | B4: Harpreet | C4: 22 | D4: Male | E4: Hyderabad | F4: 46144 | G4: Neurology | H4: No | I4: =VLOOKUP(G4,Department_info!$A$2:$B$6,2,FALSE) -> D002 | J4: =INDEX(Department_info!$D$2:$D$6,MATCH(Patient_records!G4,Department_info!$A$2:$A$6,0)) -> Dr. Mehta | K4: =INDEX(Department_info!$E$2:$E$6,MATCH(Patient_records!G4,Department_info!$A$2:$A$6,0)) -> 40
A5: A10004 | B5: Sekhar | C5: 19 | D5: Male | E5: Hyderabad | F5: 46145 | G5: Pediatrics | H5: No | I5: =VLOOKUP(G5,Department_info!$A$2:$B$6,2,FALSE) -> D004 | J5: =INDEX(Department_info!$D$2:$D$6,MATCH(Patient_records!G5,Department_info!$A$2:$A$6,0)) -> Dr. Sharma | K5: =INDEX(Department_info!$E$2:$E$6,MATCH(Patient_records!G5,Department_info!$A$2:$A$6,0)) -> 35
A6: A10005 | B6: Rangayya | C6: 20 | D6: Male | E6: Gudivada | F6: 46146 | G6: Orthopedics | H6: Yes | I6: =VLOOKUP(G6,Department_info!$A$2:$B$6,2,FALSE) -> D003 | J6: =INDEX(Department_info!$D$2:$D$6,MATCH(Patient_records!G6,Department_info!$A$2:$A$6,0)) -> Dr. Kumar | K6: =INDEX(Department_info!$E$2:$E$6,MATCH(Patient_records!G6,Department_info!$A$2:$A$6,0)) -> 60
A7: A10006 | B7: Rangamma | C7: 18 | D7: Female | E7: Gudivada | F7: 46147 | G7: Cardiology | H7: Yes | I7: =VLOOKUP(G7,Department_info!$A$2:$B$6,2,FALSE) -> D001 | J7: =INDEX(Department_info!$D$2:$D$6,MATCH(Patient_records!G7,Department_info!$A$2:$A$6,0)) -> Dr. Rao | K7: =INDEX(Department_info!$E$2:$E$6,MATCH(Patient_records!G7,Department_info!$A$2:$A$6,0)) -> 50
A8: A10007 | B8: Mogalayya | C8: 25 | D8: Male | E8: Begumpet | F8: 46148 | G8: Neurology | H8: Yes | I8: =VLOOKUP(G8,Department_info!$A$2:$B$6,2,FALSE) -> D002 | J8: =INDEX(Department_info!$D$2:$D$6,MATCH(Patient_records!G8,Department_info!$A$2:$A$6,0)) -> Dr. Mehta | K8: =INDEX(Department_info!$E$2:$E$6,MATCH(Patient_records!G8,Department_info!$A$2:$A$6,0)) -> 40
A9: A10008 | B9: Jangayya | C9: 45 | D9: Male | E9: Amaravathi | F9: 46149 | G9: Cardiology | H9: Yes | I9: =VLOOKUP(G9,Department_info!$A$2:$B$6,2,FALSE) -> D001 | J9: =INDEX(Department_info!$D$2:$D$6,MATCH(Patient_records!G9,Department_info!$A$2:$A$6,0)) -> Dr. Rao | K9: =INDEX(Department_info!$E$2:$E$6,MATCH(Patient_records!G9,Department_info!$A$2:$A$6,0)) -> 50
A10: A10009 | B10: Madhu | C10: 22 | D10: Male | E10: Godavari | F10: 46150 | G10: Emergency | H10: Yes | I10: =VLOOKUP(G10,Department_info!$A$2:$B$6,2,FALSE) -> D005 | J10: =INDEX(Department_info!$D$2:$D$6,MATCH(Patient_records!G10,Department_info!$A$2:$A$6,0)) -> Dr. Reddy | K10: =INDEX(Department_info!$E$2:$E$6,MATCH(Patient_records!G10,Department_info!$A$2:$A$6,0)) -> 70
A11: A10010 | B11: Rudra | C11: 28 | D11: Male | E11: Konaseema | F11: 46151 | G11: Neurology | H11: Yes | I11: =VLOOKUP(G11,Department_info!$A$2:$B$6,2,FALSE) -> D002 | J11: =INDEX(Department_info!$D$2:$D$6,MATCH(Patient_records!G11,Department_info!$A$2:$A$6,0)) -> Dr. Mehta | K11: =INDEX(Department_info!$E$2:$E$6,MATCH(Patient_records!G11,Department_info!$A$2:$A$6,0)) -> 40
A12: A10011 | B12: Mehar | C12: 29 | D12: Female | E12: Malakpet | F12: 46152 | G12: Pediatrics | H12: Yes | I12: =VLOOKUP(G12,Department_info!$A$2:$B$6,2,FALSE) -> D004 | J12: =INDEX(Department_info!$D$2:$D$6,MATCH(Patient_records!G12,Department_info!$A$2:$A$6,0)) -> Dr. Sharma | K12: =INDEX(Department_info!$E$2:$E$6,MATCH(Patient_records!G12,Department_info!$A$2:$A$6,0)) -> 35
A13: A10012 | B13: mohan | C13: 34 | D13: Male | E13: Kondaput | F13: 46153 | G13: Orthopedics | H13: Yes | I13: =VLOOKUP(G13,Department_info!$A$2:$B$6,2,FALSE) -> D003 | J13: =INDEX(Department_info!$D$2:$D$6,MATCH(Patient_records!G13,Department_info!$A$2:$A$6,0)) -> Dr. Kumar | K13: =INDEX(Department_info!$E$2:$E$6,MATCH(Patient_records!G13,Department_info!$A$2:$A$6,0)) -> 60
... A31: A10030 | B31: Dinesh | C31: 22 | D31: Male | E31: Chennai | F31: 46171 | G31: Emergency | H31: Yes | I31: =VLOOKUP(G31,Department_info!$A$2:$B$6,2,FALSE) -> D005 | J31: =INDEX(Department_info!$D$2:$D$6,MATCH(Patient_records!G31,Department_info!$A$2:$A$6,0)) -> Dr. Reddy | K31: =INDEX(Department_info!$E$2:$E$6,MATCH(Patient_records!G31,Department_info!$A$2:$A$6,0)) -> 70

Sheet Department_info
A1: DepartmentName | B1: DepartmentID | C1: Floor | D1: Head Doctor | E1: Bed Capacity | F1: No of Patients per doctor | G1: Average Patient Age per department | H1: Bed occupency % | I1: Bed Occupency
A2: Cardiology | B2: D001 | C2: 2 | D2: Dr. Rao | E2: 50 | F2: =COUNTIF(Patient_records!$J$2:$J$31,Department_info!D2) -> 9 | G2: =AVERAGEIF(Patient_records!$G$2:$G$31,Department_info!A2,Patient_records!$C$2:$C$31) -> 28.666667 | H2: =COUNTIF(Patient_records!$G$2:$G$31,Department_info!A2) / Department_info!E2 -> 0.18 | I2: =IF(H2>0.8,"Over Capacity","Normal") -> Normal
A3: Neurology | B3: D002 | C3: 3 | D3: Dr. Mehta | E3: 40 | F3: =COUNTIF(Patient_records!$J$2:$J$31,Department_info!D3) -> 8 | G3: =AVERAGEIF(Patient_records!$G$2:$G$31,Department_info!A3,Patient_records!$C$2:$C$31) -> 27.25 | H3: =COUNTIF(Patient_records!$G$2:$G$31,Department_info!A3) / Department_info!E3 -> 0.2 | I3: =IF(H3>0.8,"Over Capacity","Normal") -> Normal
A4: Orthopedics | B4: D003 | C4: 1 | D4: Dr. Kumar | E4: 60 | F4: =COUNTIF(Patient_records!$J$2:$J$31,Department_info!D4) -> 4 | G4: =AVERAGEIF(Patient_records!$G$2:$G$31,Department_info!A4,Patient_records!$C$2:$C$31) -> 27 | H4: =COUNTIF(Patient_records!$G$2:$G$31,Department_info!A4) / Department_info!E4 -> 0.066666667 | I4: =IF(H4>0.8,"Over Capacity","Normal") -> Normal
A5: Pediatrics | B5: D004 | C5: 4 | D5: Dr. Sharma | E5: 35 | F5: =COUNTIF(Patient_records!$J$2:$J$31,Department_info!D5) -> 4 | G5: =AVERAGEIF(Patient_records!$G$2:$G$31,Department_info!A5,Patient_records!$C$2:$C$31) -> 25.25 | H5: =COUNTIF(Patient_records!$G$2:$G$31,Department_info!A5) / Department_info!E5 -> 0.11428571 | I5: =IF(H5>0.8,"Over Capacity","Normal") -> Normal
A6: Emergency | B6: D005 | C6: 0 | D6: Dr. Reddy | E6: 70 | F6: =COUNTIF(Patient_records!$J$2:$J$31,Department_info!D6) -> 5 | G6: =AVERAGEIF(Patient_records!$G$2:$G$31,Department_info!A6,Patient_records!$C$2:$C$31) -> 24 | H6: =COUNTIF(Patient_records!$G$2:$G$31,Department_info!A6) / Department_info!E6 -> 0.071428571 | I6: =IF(H6>0.8,"Over Capacity","Normal") -> Normal
